Open,High,Low,Close,Volume,Dividends,Stock Splits,Moving_Average,RSI
130.70684743491327,130.79494762387347,124.08927299208347,126.68344116210938,143301900,0.0,0.0,,
126.17438170687768,128.96434027367704,125.72406699682993,128.2497100830078,97664900,0.0,0.0,,
125.02903758376115,128.28887879977768,123.71726648458481,123.93263244628906,155088000,0.0,0.0,,
125.65554562543079,128.8566532064511,125.1660802739664,128.16160583496094,109578200,0.0,0.0,,
129.63983643819898,129.8356346050739,127.4861910383015,129.26785278320312,105158200,0.0,0.0,127.25904846191406,
126.46808664112976,127.42743475039664,125.7926219233244,126.26250457763672,100384500,0.0,0.0,127.17486114501953,
125.79260622835795,126.95753625577119,124.18716033390821,126.08628845214844,91951100,0.0,0.0,126.74217681884765,
126.04715062512535,128.6804774143393,125.78285000905457,128.1322784423828,88636800,0.0,0.0,127.58210601806641,
128.0441637753916,128.23994696650644,126.04713638904045,126.19398498535156,90221800,0.0,0.0,127.18858184814454,
126.06671153328733,127.47637432338495,124.32421584477753,124.46126556396484,111598500,0.0,0.0,126.22726440429688,
125.08776922535922,125.99818258432487,124.26547098566607,125.13671875,90757300,0.0,0.0,126.00210723876953,
125.94926776298298,129.69857533660218,125.84158475402205,129.24826049804688,104319500,0.0,0.0,126.63450164794922,
130.9809868365776,136.72730773073852,130.77540472897488,133.98629760742188,120150900,0.0,0.0,127.80530548095703,
133.40868265415878,136.90347263402248,132.17523527512935,136.13990783691406,114459400,0.0,0.0,129.79449005126952,
140.0556315359218,142.0330609237901,133.66319990648873,139.90878295898438,157611700,0.0,0.0,132.88399353027344,75.32069080349771
140.57450034901518,141.25974907507754,138.3914734210782,140.14376831054688,98390600,0.0,0.0,135.88540344238282,75.58125893522741
140.4080402324504,141.2597202025449,137.45167991322688,139.06690979003906,140843800,0.0,0.0,137.84913330078126,71.83803928342455
136.5804238954326,138.9983840689936,133.8198319807573,134.2016143798828,142621100,0.0,0.0,137.89219665527344,57.88852918976414
132.9681598176027,133.8589903465492,127.4665740203368,129.17970275878906,177523800,0.0,0.0,136.50015563964843,47.61163053219969
130.93202973859968,132.52769215198634,128.17143696971982,131.31381225585938,106239800,0.0,0.0,134.78116149902343,51.54814862064823
132.87030394018413,133.43808572758505,131.77390597130074,132.14590454101562,83305400,0.0,0.0,133.18158874511718,53.03010836990906
132.89964253804004,132.90944140609602,130.7949472532494,131.1179962158203,89880900,0.0,0.0,131.59180603027343,50.9566538911208
133.42825418184637,134.50506896351695,131.75427615277843,134.4952850341797,84183100,0.0,0.0,131.65054016113282,56.91705968064213
134.6570721557382,134.7256919313922,133.1962802497355,134.07862854003906,75693800,0.205,0.0,132.6303253173828,56.01262686488397
133.36295674576917,134.27473068581423,132.27471911646307,134.2257080078125,71297200,0.0,0.0,133.21270446777345,56.27674904806763
133.9413940785358,135.17669982141496,133.18650163524518,133.34335327148438,76774200,0.0,0.0,133.4521942138672,54.17513618545678
133.8040989435458,134.3041091961699,131.76487869502816,132.7354736328125,73046600,0.0,0.0,133.77568969726562,52.71459551939951
133.23551380639208,133.71591216240228,131.14728514778588,132.48062133789062,64280000,0.0,0.0,133.3727569580078,52.08065903287479
131.7159057564715,132.8727631961115,131.06884229381453,132.7158966064453,60145100,0.0,0.0,133.10021057128907,52.6468155006673
132.83355237850043,133.34334634915098,130.186477329534,130.57864379882812,80576300,0.0,0.0,132.37079772949218,47.19224481172184
128.67671489364682,129.62769828810704,126.93161473795443,128.27474975585938,97918500,0.0,0.0,131.3570770263672,42.12554380299728
126.66686736837069,127.45118534704598,124.91196916774852,127.16687774658203,96856700,0.0,0.0,130.24335784912108,39.90677019007885
127.68647867465073,128.14726490248546,126.27470937742265,127.32372283935547,87668800,0.0,0.0,129.21197814941405,40.385494461728385
125.50019568722928,127.17667554369352,123.1374506931655,123.52960968017578,103916400,0.0,0.0,127.37472076416016,33.44467288240662
121.33352400979162,124.22568237574217,116.06880725204752,123.39234924316406,158273000,0.0,0.0,125.93746185302734,33.22222210162457
122.49038410977255,123.0982233811548,119.8335182356914,122.89234161376953,111039900,0.0,0.0,124.86098022460938,32.377400715208
122.23548341505006,123.98058295573814,118.1766542083366,118.61782836914062,148199500,0.0,0.0,123.15117034912109,26.23529951158993
120.18645573081852,122.40214750675231,118.82370913566089,118.88253784179688,164560400,0.0,0.0,121.46293334960937,27.156875294919303
121.32370904633405,125.42175462886927,120.38253207979419,125.28450012207031,116307900,0.0,0.0,121.81391143798828,45.040438104854445
125.89233516968987,126.19625476656927,122.55899571430204,122.66683959960938,102260900,0.0,0.0,121.66880950927734,40.646321103252205
122.36292978235466,123.24528556850419,119.45115942796625,119.6668472290039,112966300,0.0,0.0,121.02371063232422,36.27809603514928
119.36292915662767,121.1766559476452,116.29429966652361,117.77468872070312,178155000,0.0,0.0,120.85508270263672,33.81005864308818
118.60803006273893,119.54920709292463,115.26488404152221,119.03939819335938,153766600,0.0,0.0,120.88645477294922,36.90002924053788
118.55899640174938,118.62762365343089,113.93153748891216,114.07859802246094,154376600,0.0,0.0,118.64527435302735,30.821929545705757
116.69627251836808,119.66686452799054,116.46098010131777,118.71588134765625,129525800,0.0,0.0,117.85508270263672,40.66146334510214
119.30411210496723,119.77469689368723,117.10802482490604,117.62763977050781,111943300,0.0,0.0,117.4472412109375,39.250556742575405
120.13744729116506,120.79430928810866,118.88254452691146,119.56881713867188,103026500,0.0,0.0,117.80606689453126,43.04683234435642
118.03939814404615,118.79429797102794,116.82371210015687,118.65704345703125,88105100,0.0,0.0,117.72959594726562,41.72782357972688
119.02961076355234,121.56882702810435,118.0590155493964,121.55902099609375,92403800,0.0,0.0,119.22568054199219,47.26625491755304
123.23549598487884,124.7256987292193,122.27471426269577,123.10804748535156,115227900,0.0,0.0,120.10411376953125,49.998132551986366
121.61782527192018,123.39233523893576,119.94134568607012,122.31390380859375,111932600,0.0,0.0,121.04136657714844,48.60784723677273
120.47077084546675,120.76489193684927,117.96096545696017,118.1668472290039,121229700,0.0,0.0,120.76097259521484,42.03456511519634
117.54920407193663,119.04920520995634,117.33351626493585,117.63743591308594,185549500,0.0,0.0,120.55705108642579,41.26734434840879
117.97076961621191,121.4413640323343,117.90214235995285,120.97077178955078,111912300,0.0,0.0,120.43940124511718,47.73564139671756
120.91195545433446,121.80410982178483,119.74528457093525,120.13744354248047,95467100,0.0,0.0,119.84528045654297,46.36101412693988
120.41195947752533,120.49039277229019,117.71587667842115,117.73548126220703,88530500,0.0,0.0,118.92959594726562,42.55695304130253
117.19626855134764,119.27470597242139,116.66685503428704,118.22567749023438,98844700,0.0,0.0,118.94136199951171,43.57450915027624
117.9903873803415,119.09823711490876,116.58842400600895,118.83352661132812,94071200,0.0,0.0,119.18058013916016,44.8784351568617
119.26488367998375,120.1766500328641,118.36292335751126,119.00997924804688,80819200,0.0,0.0,118.78842163085938,45.273792669492856
117.7550913802247,118.0394064591918,116.5295992190616,117.54920959472656,85671900,0.0,0.0,118.2707748413086,42.55275585171743
119.26488437086017,121.0982156378392,118.77468756496252,119.75508117675781,118323800,0.0,0.0,118.67469482421875,47.66769611681496
121.23548811268651,121.74528954380544,120.08842180300091,120.58842468261719,75089100,0.0,0.0,119.14724426269531,49.497126829922735
121.44135887485886,123.68646113400114,120.65704099679873,123.43155670166016,88651200,0.0,0.0,120.06685028076171,55.24544746933983
124.01978102349952,124.63742625207108,123.18644802246547,123.73546600341797,80171300,0.0,0.0,121.01194763183594,55.824263232283336
123.36292718236096,125.4119461944466,122.68645321195494,125.39234161376953,83466700,0.0,0.0,122.58057403564453,58.94194710258526
126.42177176875582,127.83354117009192,126.00020963454598,127.80413055419922,88844600,0.0,0.0,124.19038391113281,63.03182518014241
127.25509270442531,130.4315584050649,126.93156102017142,130.39234924316406,106686700,0.0,0.0,126.15116882324219,66.84831392369107
129.92178822056505,130.24531996388237,128.06884457038188,128.66688537597656,91420000,0.0,0.0,127.19823455810547,62.235521682023695
129.84333772914178,132.01981283443627,129.34332739221577,131.7943115234375,91266500,0.0,0.0,128.81000366210938,66.71827773776309
132.29432491739823,132.35314614436757,129.07863485969727,129.44137573242188,87222800,0.0,0.0,129.61981048583985,60.86453513444664
131.1962850571205,132.35314238027127,131.01980642161112,131.86294555664062,89347100,0.0,0.0,130.43157348632812,64.33292489163863
131.66685654917995,132.02959737502974,130.6668509410646,131.52960205078125,84922400,0.0,0.0,130.65902404785157,63.49866440445856
130.89236358573584,132.81394190928864,130.72569844414332,132.1962890625,94264200,0.0,0.0,131.36490478515626,64.49047316954707
132.37275381192376,132.8727491841843,129.22568363695984,130.5001983642578,94812300,0.0,0.0,131.1060821533203,60.022169919389995
129.76490493092078,131.12765151463196,128.72569004890477,130.88255310058594,68847100,0.0,0.0,131.39431762695312,60.683508587181244
130.43154275498134,131.5197801224904,128.83351154583403,129.35311889648438,84566500,0.0,0.0,130.89235229492186,56.646785345962904
129.5688238605955,132.47078058611459,129.5688238605955,131.6864776611328,78657500,0.0,0.0,130.9237274169922,60.91816915030016
132.18647243569046,132.41195877764545,130.9413683603733,132.07862854003906,66905100,0.0,0.0,130.9001953125,61.60287239357217
132.36293568568158,132.75510210481627,131.4805874219622,131.75509643554688,66015800,0.0,0.0,131.15117492675782,60.65866112772448
131.6766817818583,132.37276792454537,130.47080166159733,130.96099853515625,107760100,0.0,0.0,131.16686401367187,58.29680041070959
133.7942968741125,134.38253893479967,129.85311097058923,130.8629150390625,151101000,0.0,0.0,131.4688232421875,57.99642164086057
129.1962712829855,130.94137074651312,128.50020018351236,128.88255310058594,109839500,0.0,0.0,130.9080383300781,52.15336414879098
129.45116367622876,131.44137643653875,129.24528939870575,129.9413604736328,75135100,0.0,0.0,130.48058471679687,54.77672504128354
128.6178491611614,128.9119702568303,124.21587615631682,125.34333038330078,137564700,0.0,0.0,129.19823150634767,43.59758080827716
126.66684865429815,127.89234064003946,125.46096872902201,125.58842468261719,84000900,0.0,0.0,128.12371673583985,44.250708255140175
125.38254714119398,127.20607998444248,124.63744585002111,127.19628143310547,78128300,0.0,0.0,127.39039001464843,48.46658542379188
128.50238782277546,128.90502050408102,127.1569572041808,127.87387084960938,78973300,0.22,0.0,127.18865356445312,50.176547037819496
127.0882411298649,127.2158985923081,124.5348820905941,124.57416534423828,88071200,0.0,0.0,126.11521453857422,42.73921408509735
121.28428107243677,124.00458108399444,120.56737473781202,123.65104675292969,126142800,0.0,0.0,125.7767578125,40.91222258867959
121.18606945436768,122.4038203894074,120.05670022369905,120.56736755371094,112172300,0.0,0.0,124.77254638671874,35.459221681544165
122.34488768024,123.88671970382406,122.03062916245581,122.72789001464844,105861300,0.0,0.0,123.87886810302734,41.35680885612925
123.98492354981339,125.59549938305935,123.59209853115276,125.16339111328125,81918000,0.0,0.0,123.33677215576172,47.21258897268068
124.54470538191156,124.65273245682901,122.92430675066412,124.00457000732422,74244600,0.0,0.0,123.22285308837891,44.91450178011632
124.28937386134464,124.71165949441556,122.54131019177684,122.61005401611328,63342900,0.0,0.0,123.01465454101563,42.24935833319891
120.95038525335832,122.67880363039588,120.65576456800304,122.45293426513672,92612000,0.0,0.0,123.39176788330079,41.94734200984444
122.9832477257085,125.42857245546702,122.85557526479742,125.02592468261719,76857100,0.0,0.0,123.85137481689453,48.44654557714306
125.52677732276157,125.70354823717071,122.96360281008678,123.17965698242188,79295400,0.0,0.0,123.45462799072266,44.58903364783494
123.74923870223878,125.64461259646652,123.68049488193061,124.8196792602539,63092900,0.0,0.0,123.61764984130859,48.51095648944604
125.52676046082681,126.01779737268289,124.05367220280152,124.6232681274414,72009500,0.0,0.0,124.02029266357422,48.07212510632944
124.68219241863117,125.10447802966308,124.15187973320637,124.57416534423828,56575900,0.0,0.0,124.44453887939453,47.95533140293679
124.17154835362402,125.35001621352387,122.83594744972903,123.03235626220703,94625600,0.0,0.0,124.0458251953125,44.31465053934589
123.31714245624413,123.54301931219162,122.31544562066553,122.3743667602539,71311100,0.0,0.0,123.8847671508789,42.820579314944894
122.83593549785597,123.10108811815365,121.71638889212764,122.05028533935547,67637100,0.0,0.0,123.33088836669921,42.06826652998739
122.05027943310135,122.99305508217006,121.82441008091048,122.8162841796875,59278900,0.0,0.0,122.96949157714843,44.54809168748443
122.44310921681014,122.61005743878543,120.92091485934917,121.32356262207031,76229200,0.0,0.0,122.31937103271484,40.876040438201265
121.84404654716984,123.89655352951881,121.62799239192103,123.63139343261719,75169300,0.0,0.0,122.43917846679688,48.01113612038612
123.90636505992524,124.05367538801298,122.59040977870762,123.6412124633789,71057600,0.0,0.0,122.69254760742187,48.03986746010376
124.32866072380348,126.15529845026555,123.94565833531607,124.46614837646484,74403800,0.0,0.0,123.17572021484375,50.51422361932748
124.92772575972435,125.45803852421234,124.2501026452371,124.84915924072266,56877900,0.0,0.0,123.58229522705078,51.66509915864866
124.74111997206943,125.89013459587586,123.6805020391545,123.84745025634766,71186400,0.0,0.0,124.08707275390626,48.488915537661654
124.25991279841989,125.15359000375355,123.83762716702874,125.06520080566406,53522400,0.0,0.0,124.37383422851562,52.325918362621366
125.52675042128544,128.1979439551524,124.79020635118108,128.13902282714844,96906500,0.0,0.0,125.27339630126953,60.35375541266463
127.60874575086861,128.25690827149606,127.06861031701241,127.31412506103516,62746300,0.0,0.0,125.84299163818359,57.552907208506305
128.0310031741819,128.54167795481828,126.15528222237592,127.81494903564453,91815000,0.0,0.0,126.43614959716797,58.80293932494147
127.47126449797614,130.17192681791195,127.32394665314256,129.42555236816406,96721700,0.0,0.0,127.55177001953125,62.61578838515318
128.36494530503944,129.1505805587651,127.90337635170806,128.1194305419922,108953300,0.0,0.0,128.16261596679686,57.93315318162024
127.96227385999701,130.03441867674977,126.89183328725082,129.9263916015625,79663300,0.0,0.0,128.52008972167968,62.15029985351227
129.75943313384929,131.67444478348224,129.25857355892595,131.57623291015625,74783600,0.0,0.0,129.3725112915039,65.54647778688584
131.3700513793642,131.9101868870305,130.83973106818897,131.30130004882812,60214200,0.0,0.0,130.0697814941406,64.50773281839341
132.03779876180977,132.22439232590116,130.54506523410615,131.01646423339844,68711000,0.0,0.0,130.3879638671875,63.38697385528575
131.06562000510039,131.48789824437657,130.42727257022008,130.72189331054688,70783700,0.0,0.0,130.90845642089843,62.18372043098917
131.01646174591102,132.82344625380762,130.95754061837505,132.36187744140625,62111300,0.0,0.0,131.3955535888672,66.04790705144916
132.38153020332655,134.04121198504592,131.93960673710635,133.8840789794922,64556100,0.0,0.0,131.85712280273438,69.19439602804196
133.7269726133564,134.94473117144219,133.43235191550954,134.5028076171875,63261400,0.0,0.0,132.49742431640624,70.39536588185112
134.14922765350934,134.86612632601393,133.3242869369681,134.8072052001953,52485800,0.0,0.0,133.2555725097656,70.99447884489518
135.42592062360106,137.48825037321126,135.2786177779275,137.448974609375,78852600,0.0,0.0,134.60098876953126,75.60802058279651
137.55698838836057,140.58171641722956,137.55698838836057,139.4720001220703,108181800,0.0,0.0,136.02301330566405,78.43656418381121
140.96472290691122,142.29050836884426,140.10052129541927,141.97625732421875,104911600,0.0,0.0,137.64144897460938,81.32370987397087
139.03992905583934,141.47543142592184,138.14625167920516,140.67015075683594,105575500,0.0,0.0,138.87491760253906,75.63568059236509
140.18891678896867,143.0368817840143,140.09070489878204,142.50657653808594,99890800,0.0,0.0,140.4147918701172,77.96892280317985
143.58682841679666,143.6948554877153,141.41647180471452,141.90750122070312,76299700,0.0,0.0,141.3064971923828,75.43117114764364
141.4459233561035,144.81439272731757,141.05310584235949,143.02703857421875,100827100,0.0,0.0,142.0175048828125,76.94159453813279
145.44291033454593,146.88653793024608,145.0304324628936,146.47406005859375,127050800,0.0,0.0,142.9170654296875,80.846066495945
146.5625061013893,147.30886562594898,144.45107003639774,145.81613159179688,106820300,0.0,0.0,143.94626159667968,78.12679593565389
145.79646460933236,147.07312913633476,143.262750958232,143.7635955810547,93251400,0.0,0.0,144.19766540527343,70.19459035353532
141.17096667456832,141.48523271493633,139.12828236726492,139.894287109375,121434600,0.0,0.0,143.7950225830078,58.19865428404007
140.88616738169534,144.46086094979282,140.3951379630829,143.52789306640625,96350000,0.0,0.0,143.89519348144532,64.3585700873121
142.91900849210342,143.50824973530382,142.03516161233014,142.7913360595703,74993500,0.0,0.0,143.1586486816406,62.35274387587905
143.3216732827859,145.5411209250434,143.1940008350134,144.16624450683594,77338200,0.0,0.0,142.82867126464845,64.57237618888206
144.9027641692205,146.05177104991594,144.2840623930666,145.89463806152344,71447400,0.0,0.0,143.2548797607422,67.19111800273683
145.60987198540585,147.14188141589705,145.0500912400184,146.31695556640625,72434100,0.0,0.0,144.53941345214844,67.81709309887027
146.4446400686225,146.53303677134102,142.93869706843105,144.13681030273438,104818600,0.0,0.0,144.66119689941405,61.31350809087796
142.21194278126302,144.33319354006457,139.9826649471976,142.37889099121094,118931200,0.0,0.0,144.57870788574218,56.60016016008034
142.09408574030599,143.92071565076816,141.98605867627225,143.02703857421875,56699500,0.0,0.0,144.35086669921876,57.88563403102631
141.78967524365552,143.70468718898545,141.52451513275437,143.2431182861328,70440600,0.0,0.0,143.82056274414063,58.328769205549406
143.73415140199234,144.31356259769709,142.6440653462446,142.9092254638672,62880000,0.0,0.0,143.1390167236328,57.32501379426912
143.19399237427214,145.38397931995854,142.57529053012078,144.7161865234375,64786600,0.0,0.0,143.25489196777343,61.21489592763375
144.62781889834497,145.13847873888747,143.65557518937624,144.3135528564453,56368300,0.0,0.0,143.6418243408203,59.904600560096725
144.34301856973246,145.1875898561548,143.547553227236,144.4215850830078,46397700,0.0,0.0,143.9207336425781,60.15106639048657
143.93967175469595,144.68714941296105,143.23152870687343,143.73312377929688,54126800,0.22,0.0,144.01873474121095,57.71622334988371
143.7921183702721,144.2838834912426,143.1233250093429,143.68392944335938,48908700,0.0,0.0,144.17367553710938,57.53699978882212
144.02818826749288,145.27727602633604,142.9069642577978,143.2020263671875,69023100,0.0,0.0,143.87084350585937,55.71194951531062
143.6446063163966,144.30356983026076,143.1331663476208,143.45773315429688,48493500,0.0,0.0,143.69967956542968,56.50041016244842
143.78229172276036,146.59518887863572,143.43805012730243,146.4378204345703,72282600,0.0,0.0,144.1029266357422,64.44491137783143
146.51653016190193,146.97879066713787,145.82806185861972,146.64439392089844,59375000,0.0,0.0,144.6851806640625,64.92313662873431
146.09360837883517,148.69997311042016,144.0577081242038,148.63111877441406,103296000,0.0,0.0,145.67461853027345,69.2121545855502
147.75575001324856,149.18186592017443,146.63452609244356,147.71641540527344,92229700,0.0,0.0,146.57749633789064,65.25590082654392
147.332855614168,148.2377017732411,143.74296068153248,143.9495086669922,86326000,0.0,0.0,146.67585144042968,52.05863850334884
142.641411080969,145.56249753617877,142.1201411755259,144.28390502929688,86960300,0.0,0.0,146.245068359375,52.96796365262548
145.01174176102654,146.05428170736982,144.36260801830858,145.7493896484375,60549600,0.0,0.0,146.06606750488282,56.83227740001071
145.8673723441884,147.71641405927411,145.45429143054855,147.24432373046875,60131800,0.0,0.0,145.78870849609376,60.40609509412004
146.98862437645536,148.37540592808696,146.69356223669573,147.15582275390625,48606400,0.0,0.0,145.6765899658203,60.08893505132989
147.34266555527418,147.84427559166056,145.3657751393136,145.9165496826172,58991300,0.0,0.0,146.06999816894532,55.6803116984714
145.90671849498096,146.66402598159917,145.0805416798365,145.11004638671875,48597200,0.0,0.0,146.2352264404297,52.9572485099876
145.05103904928006,146.30012668593696,144.41175038103972,146.15260314941406,55802400,0.0,0.0,146.315869140625,55.955874491126714
146.5460196203798,150.96207621834515,146.16244339080023,150.59815979003906,90956700,0.0,0.0,146.98663635253905,65.92889877615892
150.14575402758575,150.28344768288457,148.79830717842998,149.3294219970703,86453100,0.0,0.0,147.42135620117188,61.639204675238084
150.31293635999018,152.42752048525813,149.83100111411196,149.99819946289062,80313700,0.0,0.0,148.23768615722656,63.0056138375272
151.3358084171101,152.1718152080185,149.89001761858682,151.1194305419922,71115500,0.0,0.0,149.43956298828124,65.24102929490641
151.22761326207865,152.08329482667656,150.5686497631234,151.75872802734375,57808700,0.0,0.0,150.5607879638672,66.48456935470108
152.4177015748182,154.66997950309315,151.84725216330506,154.109375,82278300,0.0,0.0,151.26303100585938,70.64337056120743
154.3945863107769,154.45359572911588,151.4439953339734,152.55538940429688,74420200,0.0,0.0,151.9082244873047,64.90916034281955
152.92912766731246,153.53891163464047,151.4144826415557,151.5325164794922,57305700,0.0,0.0,152.215087890625,61.37756273112242
152.44716476603566,152.91925500966883,146.2509221643721,146.5164794921875,140893200,0.0,0.0,151.29449768066405,47.67799319503598
148.14917436717627,148.92615670337975,146.300132594844,147.0869598388672,102404300,0.0,0.0,150.36014404296876,49.07029405511262
147.87377948455108,148.58192246703663,144.49043301433815,145.6804962158203,109296300,0.0,0.0,148.67436828613282,45.8321829830605
146.11325531701868,146.978766761793,143.95932161262508,146.5755157470703,83281300,0.0,0.0,147.4783935546875,48.175839946162206
145.99523569023785,146.51650553277594,144.79532756015521,146.33946228027344,68034100,0.0,0.0,146.43978271484374,47.59099591975759
146.36898745554606,146.36898745554606,143.3593721105774,143.65443420410156,129868800,0.0,0.0,145.86737365722655,41.43002585072472
141.4316366889389,142.45450142803304,138.9433066431587,140.58580017089844,123478900,0.0,0.0,144.5671417236328,35.73609318471955
141.559498879925,142.21847734097832,140.42844511778102,141.06773376464844,75834000,0.0,0.0,143.64458923339845,37.1959542645796
142.07093989747077,144.01832556688854,141.3332922188676,143.44789123535156,76404300,0.0,0.0,143.0190643310547,43.96610574731009
144.23469992160193,144.65762571763324,143.24133980786897,144.4117431640625,64838200,0.0,0.0,142.6335205078125,46.482041887332066
143.26104696980505,145.04123465851637,143.1626879231703,144.5002899169922,53477900,0.0,0.0,142.8026916503906,46.71872670726191
143.07414332745347,143.55607854139376,141.451324455837,142.9757843017578,74150700,0.0,0.0,143.2806884765625,43.17813520102807
140.8907267886524,142.36602235711996,139.35642179864334,139.5727996826172,108972300,0.0,0.0,142.98170166015626,36.52416615339019
140.12355911685236,142.0709448542129,139.6908033957765,140.47763061523438,74602000,0.0,0.0,142.3876495361328,39.2068155887874
141.2939540084662,142.00209696246014,138.95314729901511,139.16952514648438,89056700,0.0,0.0,141.33920593261718,36.78633274199486
139.56292002637508,140.56612496525528,136.81887755551543,140.30056762695312,94639600,0.0,0.0,140.49926147460937,40.222685041543095
139.42526403381117,139.86786471958322,135.9927525442619,136.84841918945312,98322000,0.0,0.0,139.27378845214844,34.12512393543766
137.19266572297613,139.8973744180853,137.06480196408535,138.78598022460938,80861100,0.0,0.0,139.11642456054688,39.65455223670774
137.17298522228245,139.8088394740439,136.09109578612197,139.66131591796875,83221100,0.0,0.0,138.95316162109376,42.02224707971639
140.7038459382102,141.84474471736996,140.3694492293991,140.9300537109375,61732700,0.0,0.0,139.30526733398438,45.36811883912194
141.65785696825714,141.80538049887141,140.21206633831608,140.5464630126953,58773200,0.0,0.0,139.3544464111328,44.53137052202392
139.92686226874932,142.42502266826403,139.4744317200672,140.4579620361328,64452200,0.0,0.0,140.07635498046875,44.32823345436107
140.87104037856562,140.89071518662013,138.71710662477736,139.1793670654297,73035900,0.0,0.0,140.1550323486328,41.390619917388165
138.91381543483482,139.0711688663428,136.90740535643477,138.58924865722656,78762700,0.0,0.0,139.94061889648438,40.07074578989866
139.7695298067755,141.51038311657294,139.17940546218756,141.39234924316406,69907100,0.0,0.0,140.0330780029297,48.47555917906664
141.4021743097855,142.51355349206335,141.14644679285868,142.4545440673828,67940300,0.0,0.0,140.4146942138672,51.2647764564171
141.08743281501938,144.4216002692198,140.80221560244019,144.13638305664062,85589200,0.0,0.0,141.15037841796874,55.38321205873967
144.58881911558316,146.71324868132405,144.1364034718977,146.30999755859375,76378900,0.0,0.0,142.57650451660157,60.07866181519981
146.25096792921084,147.28367785388997,145.68051849455492,146.80174255371094,58418800,0.0,0.0,144.21900329589843,61.076663033325396
146.3591486505089,147.17548064005615,145.43462772240764,147.0181121826172,61421000,0.0,0.0,145.34415588378906,61.532345919027485
147.22463430100368,147.70655448198008,146.1919246157293,146.24110412597656,58883400,0.0,0.0,146.10146789550782,58.8670887780615
146.231290178444,146.9099285440857,145.1887503733932,146.19195556640625,50720600,0.0,0.0,146.51258239746093,58.69390842189528
146.8705781911009,148.3557035079497,146.55584129860043,146.86074829101562,60893400,0.0,0.0,146.62273254394532,60.40107121429837
146.90009361073882,147.26399503768212,146.04442700901498,146.39849853515625,56094900,0.0,0.0,146.54208374023438,58.59840039808903
147.35249723342162,150.6473142975492,147.25413821345626,150.0572052001953,100077900,0.0,0.0,147.14990234375,66.99474822721439
144.79534502093688,147.47054887872417,143.99868780730952,147.33285522460938,124953200,0.0,0.0,147.36825256347657,57.62358386663868
146.53617279680506,147.23447084841737,145.36576943447665,146.5066680908203,74588300,0.0,0.0,147.4311950683594,55.10617766714962
146.2116078790162,149.07368445569858,146.2017629719096,147.54920959472656,69122000,0.0,0.0,147.56888732910156,57.62207179841628
147.9130907482629,149.46707010305838,147.35248639663143,148.99497985839844,54511500,0.0,0.0,148.08818359375,60.89494581707719
149.08353892470325,149.91953075512077,148.15901795313803,148.4737548828125,60394600,0.0,0.0,147.77149353027343,59.12218296802402
149.60644493408557,149.91178190732816,147.80395583495388,149.005615234375,65463900,0.22,0.0,148.10604553222657,60.38936294711283
149.1336711752088,149.2912693058125,147.9024639599641,148.17825317382812,55020900,0.0,0.0,148.44036254882812,57.408059753133834
147.94186433563925,149.153368095654,147.80396972091714,148.54269409179688,56787900,0.0,0.0,148.6390594482422,58.382681295884794
147.7645706257907,147.87291746284086,145.62719668524204,145.69613647460938,65187100,0.0,0.0,147.9792907714844,48.95903528243002
146.7204744542059,147.18339443413922,145.4597047273573,145.6468505859375,41000000,0.0,0.0,147.41390991210938,48.81212576057003
146.19844159916659,148.13882509729396,145.26272725428785,147.73500061035156,63804000,0.0,0.0,147.1597869873047,54.97638937203107
148.10930559098722,149.59661359846592,147.18343531519176,147.744873046875,59222800,0.0,0.0,147.07311096191407,55.00397834676429
147.68576659315224,149.21246650773995,147.0947811328652,148.72982788085938,59256200,0.0,0.0,147.11053771972655,57.78340425021091
148.72983335223822,152.66969648739686,148.719989104979,151.18240356445312,88807000,0.0,0.0,148.20779113769532,63.78255266642072
151.39909020697093,156.28451185119124,150.74900921281264,155.4965362548828,137827700,0.0,0.0,150.17772827148437,71.46417001161919
155.27985117054496,158.59919611113807,154.17669429238606,158.13626098632812,117305600,0.0,0.0,152.2579803466797,74.96331178598443
159.24926339362256,163.208830119435,158.5794938634595,158.5991973876953,117467900,0.0,0.0,154.42884521484376,75.53001044832982
158.6976736652967,159.36745817721754,156.66864666546815,158.9833221435547,96041900,0.0,0.0,156.47954406738282,76.01512950336348
158.33322904201492,159.7023307012962,157.2399165637843,159.50534057617188,69463600,0.0,0.0,158.14413146972657,76.69141289635914
157.17098382040783,158.03774341563985,154.0092373133495,154.4524688720703,76959800,0.0,0.0,157.93531799316406,59.270619571284264
156.97395658312038,158.76660111751218,156.40267475444767,157.8308868408203,88748200,0.0,0.0,157.8742431640625,64.99593548646902
157.58468385675957,163.03154353200972,157.515729036609,162.81484985351562,174048100,0.0,0.0,158.71737365722657,71.38613347826832
164.96206501575762,167.73967573602224,162.05641896377244,162.29281616210938,152052500,0.0,0.0,159.3792724609375,69.94579080130303
156.3534567622379,161.731360934797,155.4275866224316,161.2979736328125,136739200,0.0,0.0,159.73779907226563,67.16458701768109
161.55409359584544,162.47996384608032,157.31873767955042,159.4068603515625,118023100,0.0,0.0,160.72867736816406,62.10897783684547
161.81999004863502,165.3560279364534,161.81014580331987,162.8345184326172,107497000,0.0,0.0,161.72940368652343,66.96296711533506
166.5379959225007,169.00041007732347,165.80911592209517,168.60641479492188,120405400,0.0,0.0,162.8877166748047,73.19097583984899
169.54218382424622,173.3146049946863,168.1336747831984,172.4478302001953,116998900,0.0,0.0,164.91871948242186,76.3821206277883
172.28036720172804,174.09270061951244,171.3052456745253,171.9356231689453,108923700,0.0,0.0,167.04624938964844,75.09850283673362
172.57584553810466,176.92939209397179,172.0636591699486,176.75209045410156,115402700,0.0,0.0,170.51529541015626,78.71996617023609
178.3969906106161,179.39181563011905,172.89103571282126,173.09788513183594,153237000,0.0,0.0,172.56796875,70.35950174925327
172.61524258743475,175.06781264304993,169.6209534088328,171.70907592773438,139380400,0.0,0.0,173.1885009765625,67.42845311641693
172.47734612763975,176.80134499457688,169.7194391329896,176.60435485839844,131063300,0.0,0.0,174.01980590820312,71.87579099884678
176.58466038177306,178.41669729791093,168.18290364507556,169.67019653320312,150185800,0.0,0.0,173.56672058105468,59.48568073437835
167.37524703410833,170.86203471284162,167.13886483852423,168.5670623779297,195432700,0.0,0.0,171.92971496582032,57.779268963560945
165.75005127529892,168.0154757257839,164.94238709728472,167.1979522705078,107499100,0.0,0.0,170.74972839355468,55.645742317537454
168.98072756325396,170.5960708484591,166.57740864466908,170.3892364501953,91185900,0.0,0.0,170.4857604980469,59.408235682751496
170.43844253323022,173.2160527673995,169.56182374154793,172.99935913085938,92135300,0.0,0.0,169.76476135253907,62.23028294904649
173.20624790649643,174.19121374041592,172.6349659192968,173.62977600097656,68356600,0.0,0.0,170.55667724609376,62.901152927712126
174.42755671288776,177.7074940060822,174.4078682217929,177.6188507080078,74919600,0.0,0.0,172.36703491210938,66.90671554592089
177.45142807876692,178.6038361699561,175.8459291425384,176.59449768066406,79144300,0.0,0.0,174.24634399414063,64.96691305576454
176.63389995447187,177.91435836433138,175.46178837227853,176.6831512451172,62348900,0.0,0.0,175.505126953125,65.06132467940071
176.7718153294038,177.8552837334228,175.41255770061372,175.52090454101562,59773000,0.0,0.0,176.00943603515626,62.676594458506436
175.41256203830554,176.53542248960756,174.5950385913088,174.900390625,64062300,0.0,0.0,176.26355895996093,61.382987738272384
175.1564558498048,180.130535743348,175.03826477276814,179.2736053466797,104487900,0.0,0.0,176.59450988769532,66.61305748491844
179.88432518063473,180.18966220163006,176.42708529022332,176.9983673095703,99310400,0.0,0.0,176.67528381347657,61.914828233888166
176.9097143418582,177.46129280511917,172.01443293633827,172.29022216796875,94537600,0.0,0.0,175.79669799804688,53.50517125883203
170.10359661343378,172.66451379490562,169.0595352335584,169.41412353515625,96904000,0.0,0.0,174.575341796875,49.11634613201679
170.2907194759508,171.52192660242662,168.45868267057938,169.58154296875,86709100,0.0,0.0,173.511572265625,49.376655697101874
166.5380131967079,169.90659430638664,165.6416907443291,169.60125732421875,106765600,0.0,0.0,171.5771026611328,49.40947598699828
169.72932974845557,172.5463177717777,168.25188091023875,172.4478302001953,76138300,0.0,0.0,170.6669952392578,54.042575903130576
173.4721478629848,174.5162090616944,172.1917045238177,172.89102172851562,74805200,0.0,0.0,170.7871551513672,54.7375905925942
173.1372808102674,173.96464844505485,169.20726200094984,169.60125732421875,84505800,0.0,0.0,170.8245819091797,48.83397086615549
168.76401612930516,171.16733479498885,168.51777470912253,170.468017578125,80440800,0.0,0.0,171.0018768310547,50.35326637187643
168.93146003702694,169.94597349511022,166.86304110619952,167.24717712402344,90956700,0.0,0.0,170.53106079101562,45.00540521665674
167.44417525568318,168.5079400549513,163.44521676898424,163.73085021972656,94815000,0.0,0.0,168.78766479492188,40.009437377166186
164.4695638013507,167.12896811147507,161.7116569122136,162.0366973876953,91420500,0.0,0.0,166.6167999267578,37.83049850006017
161.94806799775162,163.82935620108447,159.85994540185908,159.96829223632812,122848900,0.0,0.0,164.6902069091797,35.30261427930422
157.61424910868465,159.85997018088088,152.37422325396878,159.190185546875,162294600,0.0,0.0,162.43464050292968,34.372128451756595
156.58986246979666,160.3130320816547,154.65933787147767,157.37783813476562,115798400,0.0,0.0,160.4607727050781,32.240591423664824
161.0419017100469,161.9185206349996,155.44730340908694,157.2891845703125,108275300,0.0,0.0,159.1724395751953,32.13561000516437
160.00766776998708,161.37676943029805,155.90036278905413,156.82623291015625,121954600,0.0,0.0,158.1303466796875,31.557727841002873
163.21868889964625,167.7889295983946,160.35243482216745,167.76922607421875,179935700,0.0,0.0,159.69053344726564,53.049700344536845
167.60177625964937,172.36900690059053,166.96153950210208,172.15231323242188,115541600,0.0,0.0,162.282958984375,58.65050845073079
171.39389304965644,172.21141646528542,169.71945419941952,171.98487854003906,86213900,0.0,0.0,165.2043670654297,58.36408535532532
172.1227563487897,173.23577240096296,170.72410685609097,173.1963653564453,84914300,0.0,0.0,168.38580322265625,59.890394716424325
171.85681527402554,173.59036456665518,169.53229556476833,170.30056762695312,89418100,0.0,0.0,171.08067016601564,54.72618525821673
169.314333685794,171.70100061559356,168.3281131539377,170.01455688476562,82465400,0.22,0.0,171.529736328125,54.2288197876817
170.4781090348088,171.5530859750052,168.59442390570862,169.29464721679688,77251200,0.0,0.0,170.958203125,52.92498799280577
169.36363943647999,172.93376782014298,169.06777028169142,172.42092895507812,74829200,0.0,0.0,171.0454132080078,57.68315308238846
173.62414088119365,174.21586421630545,172.48997815396464,173.85096740722656,71285000,0.0,0.0,171.17633361816405,59.69022848358946
171.740460913498,173.06199295380083,169.18615307846505,169.748291015625,90865900,0.0,0.0,171.06587829589844,52.06120680091656
169.95541035257364,170.69507585718722,165.72451523900523,166.31625366210938,98670700,0.0,0.0,170.3262176513672,46.68570561351342
165.06376030953547,167.24331476459068,164.26492391852395,166.55296325683594,86185500,0.0,0.0,169.777880859375,47.091474672103324
168.61414387917347,170.56685653109918,167.90406381510363,170.4090576171875,62527400,0.0,0.0,169.37550659179686,53.32376344433682
169.4820270851196,170.95148624304824,167.70682688066015,170.17237854003906,61177400,0.0,0.0,168.63978881835936,52.91178807941093
168.67333182676856,169.54121089282265,166.14860914210308,166.55296325683594,69589300,0.0,0.0,168.00072326660157,46.93936096068013
167.48001623993648,168.19008134059143,163.9000300751509,164.99473571777344,82772700,0.0,0.0,167.73641967773438,44.6050454803172
162.70668033176165,164.39312428232304,159.91567405713332,162.0557861328125,91162800,0.0,0.0,166.83698425292968,40.512809381875115
163.25893100778922,163.86052610020872,157.54872107197968,157.86431884765625,90009200,0.0,0.0,164.32803649902343,35.50927257228942
150.47753858504555,160.60602820119448,149.9055288402261,160.49754333496094,141147500,0.0,0.0,162.3930694580078,40.48247449532127
161.5823986557421,162.84475996957337,158.65332192247615,162.5784912109375,91974200,0.0,0.0,161.59817504882812,44.14799446594729
160.81312977852218,163.14061101311182,160.19180598054763,162.84474182128906,95056600,0.0,0.0,161.16817626953124,44.617968322923986
162.43053332458442,164.30436153424517,159.73815524192204,160.95120239257812,83474400,0.0,0.0,160.94725952148437,41.916567291045666
162.12479578813117,165.0538720286857,160.7046357868282,164.264892578125,79724800,0.0,0.0,162.2273742675781,47.865348269536554
166.1486082452133,166.58254777589786,163.26884550802862,163.93946838378906,76678400,0.0,0.0,162.91575927734374,47.352438848219826
162.22343403290554,163.26882547481122,159.8663673700229,160.92161560058594,83737200,0.0,0.0,162.58438415527343,42.774811330741755
161.10901896373366,162.74614898625705,156.84853818924398,157.10496520996094,96418800,0.0,0.0,161.43642883300782,37.79815436301218
156.63157344143843,160.6356269387585,153.65318281569205,155.2705841064453,131148300,0.0,0.0,160.30030517578126,35.651233501520394
159.2548902076686,161.15830369449165,157.21342149431186,160.7046356201172,91454900,0.0,0.0,159.5882537841797,45.5226655027497
157.99253674019846,158.17992106152465,153.83068461406495,156.335693359375,105342000,0.0,0.0,158.06749877929687,40.185110794749754
156.74000798815973,157.0851911630741,152.37105864323692,152.59788513183594,96970100,0.0,0.0,156.4027526855469,36.26720379797882
149.363120643423,151.99632808258977,148.03173173968258,148.5445556640625,108732100,0.0,0.0,154.6906707763672,32.55995048485086
148.8206902178278,153.42635390074824,148.30786631424687,152.9529571533203,92964300,0.0,0.0,154.22714538574218,39.77098935016654
154.88596669227732,157.7953147991804,152.33165864561371,157.39096069335938,102300200,0.0,0.0,153.5644104003906,46.02764833224489
156.42447054947894,158.78153749166856,155.4579784479018,158.40676879882812,75615400,0.0,0.0,153.97862548828124,47.375171260887456
158.29828703949514,162.21358461777302,157.5586214775817,161.72047424316406,123511700,0.0,0.0,155.8031433105469,51.6187190339861
161.25693812390296,164.0578162946731,160.7638277834303,163.10118103027344,95811400,0.0,0.0,158.71446838378907,53.308192323621824
163.22938643909623,167.08551307750523,162.6376630344426,166.49378967285156,81532000,0.0,0.0,161.42263488769532,57.257748958409536
165.6752280289511,170.26114846434646,165.33990153945535,167.86463928222656,98062700,0.0,0.0,163.51737060546876,58.775173912862186
168.7029137590993,171.74047537898826,167.86463517719523,171.67144775390625,90131400,0.0,0.0,166.17030639648436,62.73195761119974
171.48404776580747,172.86475062683147,170.3696136396386,172.31246948242188,80546200,0.0,0.0,168.28870544433593,63.36951971892251
169.79761410057668,173.30855734319636,169.62995838938795,173.18035888671875,90371900,0.0,0.0,170.304541015625,64.26098576219505
174.25532404752562,176.5433480645223,173.9101408105343,176.49404907226562,100589400,0.0,0.0,172.30459289550782,67.51198976410375
176.08967008365715,177.1350613868886,174.26515617241188,175.32041931152344,92633200,0.0,0.0,173.79574890136718,65.24814320519317
175.3894522741458,175.57683657922462,171.99685130448745,172.20396423339844,103049300,0.0,0.0,173.90225219726562,59.538866613123425
171.63198624050867,172.4702798501521,169.5707886008852,171.9081268310547,78751300,0.0,0.0,173.82138366699218,59.011001688150955
172.1645473038688,176.03053047321725,172.03633380293712,175.98121643066406,76468400,0.0,0.0,174.38155517578124,63.773202962901614
175.05416212110595,175.84314163614704,172.01660076974397,172.6477813720703,73401800,0.0,0.0,173.6123016357422,57.84950622978383
169.98500657696093,171.23751112466672,167.78573855033065,169.46231079101562,89058800,0.0,0.0,172.44067993164063,52.802059626448994
168.80152861477913,170.97121101642387,167.5095819821488,169.7680206298828,77594700,0.0,0.0,171.9534912109375,53.22386962411825
169.41300767257187,169.41300767257187,166.86855620496365,167.7462921142578,76575500,0.0,0.0,171.12112426757812,50.038938713556774
166.38529958181942,166.70088237804694,163.21952453889458,163.46607971191406,72246700,0.0,0.0,168.61809692382812,44.03156245816172
165.70478671623778,167.5292857672871,164.3437974949603,165.34974670410156,79265200,0.0,0.0,167.1584899902344,47.044639014288705
165.08345307285708,168.6831519695867,164.47200116290531,168.05197143554688,70618900,0.0,0.0,166.8764221191406,51.1107772257928
168.26893178927196,168.9099841239411,162.76581976041004,163.0123748779297,75329400,0.0,0.0,165.52529296875,44.28178916974976
161.6612931141004,164.3043723789754,161.31612490296928,162.7954559326172,69023900,0.0,0.0,164.53512573242188,44.00922174339921
162.74612795416917,165.50754864945083,161.6514224840177,165.09332275390625,67723800,0.0,0.0,164.8605743408203,47.6829268098155
166.43460622156329,166.55296294305128,163.8112704970376,164.92568969726562,67929800,0.0,0.0,164.77576293945313,47.43839393517571
166.58255674945124,169.16645039594744,163.6238943883512,164.12686157226562,87227800,0.0,0.0,163.99074096679686,46.22192576291846
164.16627088314408,165.55683034983602,159.27461058680274,159.56060791015625,84882400,0.0,0.0,163.30038757324218,39.920258250091464
158.89986218718934,160.9216174769081,156.27652676318007,160.6356201171875,96046400,0.0,0.0,162.86842041015626,41.92757298267188
160.01430394670322,160.10306019548796,154.56050483733307,154.639404296875,95623200,0.0,0.0,160.77763671875,34.91942797786021
153.76167312307447,157.5881992104124,153.23897735536423,154.41258239746094,88063200,0.0,0.0,158.67501525878907,34.6832628807046
157.05563902893155,162.25302608511086,156.74004119659804,161.38514709472656,130216800,0.0,0.0,158.12667236328124,46.63199476572646
159.60992757716372,163.90984970643578,155.08317893870836,155.4776611328125,131747600,0.0,0.0,157.3100830078125,39.961817238022036
154.55064096520078,156.0496854821982,151.1580396030432,155.78341674804688,123055300,0.0,0.0,156.3396423339844,40.43670235614378
155.97079538564293,158.4955329811814,154.16602477396563,157.282470703125,88966500,0.0,0.0,156.86825561523438,42.82450517003091
157.46985352795534,164.18601392361606,157.06549943915542,163.73236083984375,108256500,0.0,0.0,158.73221130371093,51.78134057889948
161.5922616026144,161.8190881414459,152.81488867547512,154.6098175048828,130525300,0.0,0.0,157.37714538574218,41.805928662375955
154.086353430477,157.47406853518066,152.27891596591152,155.3406982421875,116124600,0.23,0.0,157.3497528076172,42.757392358582386
153.01966593137337,153.90857774177616,149.62209467740806,150.18505859375,131577900,0.0,0.0,156.2300811767578,38.033495141638745
153.60241456143007,154.80737294697377,151.04433827501788,152.6048583984375,115366700,0.0,0.0,155.2945587158203,41.310886783473414
151.60729105562072,153.53324385620525,144.01210904680826,144.693603515625,142689800,0.0,0.0,151.48680725097657,34.8257084449381
141.00961760063416,144.39731768546343,137.08856739924127,140.8022003173828,182602000,0.0,0.0,148.72528381347655,32.15201768059663
142.80714982696716,146.27387991334433,141.34540297753762,145.29608154296875,113990900,0.0,0.0,146.71636047363282,38.06550734371542
143.75533922385355,145.70104989246053,142.40222137974965,143.74545288085938,86643800,0.0,0.0,145.42843933105468,36.871335907386694
147.0244915350217,147.9232744529853,144.87136405411113,147.39981079101562,78336300,0.0,0.0,144.3874298095703,41.52696773540755
145.0392796104635,145.54298565610463,138.1749641736553,139.08363342285156,109742900,0.0,0.0,143.26543579101562,35.170350357967266
138.15523612628508,139.91328690605363,134.915680864421,135.65643310546875,136095600,0.0,0.0,142.2362823486328,32.93303098869873
137.37498303063416,138.96513194392523,130.97488721823132,135.8934783935547,137426100,0.0,0.0,140.35576171875,33.249319564668355
136.09100310176584,141.49355763667697,135.95272994479336,141.3454132080078,117726300,0.0,0.0,139.8757537841797,40.23092602163028
139.07376658350313,140.21946704041193,135.63668028342016,138.6293182373047,104132700,0.0,0.0,138.1216552734375,38.09332089283653
136.72312737538337,140.04169860803816,136.63424070761073,138.78736877441406,92482700,0.0,0.0,138.06240234375,38.298766569987066
135.69594723138766,142.56024902436104,135.44902979228326,142.0071563720703,90601500,0.0,0.0,139.33254699707032,42.48619620270998
143.59728036232434,147.83437625095095,143.46887849366715,147.7948760986328,90978500,0.0,0.0,141.71282653808595,49.16476581387644
147.23190506891063,148.80229601530053,145.02939115122098,147.00473022460938,103718400,0.0,0.0,142.84468994140624,48.33949227929326
148.05168761926996,149.86901138991385,145.85905959642355,146.87637329101562,74286600,0.0,0.0,144.49410095214844,48.197955502974324
146.0071921015424,149.40477778151947,145.04915142768925,149.34552001953125,72348100,0.0,0.0,146.60573120117186,51.160408616072125
145.0886491915549,146.1454628317608,142.67874817671824,143.58740234375,88570300,0.0,0.0,146.92178039550782,44.735393320990504
145.21706860565808,146.73808831849175,143.1133274115765,144.33804321289062,71598400,0.0,0.0,146.23041381835938,45.69288118343491
142.57013263279813,147.16279088379997,142.32321519842932,146.87637329101562,67808200,0.0,0.0,146.20474243164062,48.91596752254012
146.7479398827118,148.0220269393116,145.641754836942,146.13558959960938,53950200,0.0,0.0,146.05658569335938,48.020257039067786
145.26646635965932,146.12573420607367,140.772566053527,140.88121032714844,69473000,0.0,0.0,144.3637237548828,42.12775175647057
138.550301410853,139.02437863715159,135.37000383775683,135.43914794921875,91437900,0.0,0.0,142.73407287597655,37.05597092448739
131.23165902170197,133.53293106994153,129.81929868356735,130.25387573242188,122207100,0.0,0.0,139.9172393798828,32.98163272741051
131.48846437330812,132.23908787643177,129.85880042024374,131.12301635742188,84784300,0.0,0.0,136.76656799316407,34.285882385920246
132.63414332373716,135.6465386035756,130.5304173337533,133.7600860595703,91533000,0.0,0.0,134.29146728515624,38.21475462734675
130.4513955321706,130.7575706803346,127.44887167074575,128.456298828125,108123900,0.0,0.0,131.80648498535157,33.8334390267719
128.4662022594692,131.4390825650051,128.20939849796133,129.9378204345703,134520300,0.0,0.0,130.7062194824219,36.03937420451894
131.7748839825092,135.37000093536622,131.67612605907954,134.19467163085938,81000500,0.0,0.0,131.49437866210937,42.0206357770154
133.12798365289643,136.06136367851533,132.25884462094305,133.68109130859375,73409200,0.0,0.0,132.00599365234376,41.51620413689213
135.13296084076816,136.88112516812654,133.95763161472956,136.56507873535156,72433800,0.0,0.0,132.5669921875,45.47450658897066
138.1749760965772,140.16020171084438,138.0465892918892,139.9132843017578,89116800,0.0,0.0,134.85838928222657,49.728517056113155
140.9404540924751,141.7207215447485,139.23178984137613,139.9132843017578,70207900,0.0,0.0,136.85348205566407,49.728517056113155
140.37747272075129,141.65155976157965,135.62678477400075,135.74530029296875,67083400,0.0,0.0,137.16360778808593,44.69427447904726
135.76509521984792,138.93550678879785,134.9848276504663,137.5132598876953,66242400,0.0,0.0,137.93004150390624,47.13881101145907
135.55765865200786,136.66384383078832,132.12057251033804,135.03419494628906,98964500,0.0,0.0,137.62386474609374,44.18933953704071
134.36258452297002,137.32559373689358,133.98728027057777,137.21694946289062,71051600,0.0,0.0,137.0845977783203,47.315084495304134
136.07125279317592,139.8639006571089,135.24159882804318,139.81451416015625,73353800,0.0,0.0,137.06484375,50.84337697054289
139.60711183886434,142.34294593384777,139.34043681208846,141.15774536132812,74064300,0.0,0.0,138.14733276367187,52.61074601440259
141.5231891545508,144.7430021235202,141.51331788267052,144.54547119140625,66253700,0.0,0.0,139.55377502441405,56.82675974156434
143.46889313464462,145.73066515469904,143.21210444176688,145.22694396972656,64547800,0.0,0.0,141.59232482910156,57.64310006950285
143.87384851909113,144.8318893678932,142.0071533223761,143.08370971679688,63141600,0.0,0.0,142.76567687988282,54.17372601609163
143.96273517693353,146.61956917591746,143.26149810450414,144.06150817871094,77588800,0.0,0.0,143.61507568359374,55.489939610440636
141.226901097333,144.6442299472665,140.3676181782372,143.69607543945312,71185600,0.0,0.0,144.12274169921875,54.85581113882844
142.30342881716027,147.11337464372423,141.48366129229518,146.63929748535156,78140700,0.0,0.0,144.5415069580078,58.92698664534674
147.933168788763,148.99985389002947,146.37264882972374,148.318359375,76259900,0.0,0.0,145.1597900390625,61.083161057238954
148.88132219235675,149.7010897757877,144.8911285349493,145.25657653808594,81420900,0.0,0.0,145.5943634033203,55.37455667022808
146.09606822269555,149.36525180249086,145.09852746957358,149.13809204101562,82982400,0.0,0.0,146.60968017578125,60.424087257241695
149.2566151460896,151.82456196258457,148.51586299563618,151.15293884277344,64823400,0.0,0.0,148.1010528564453,62.77852612324621
152.59495356947605,153.6517672779431,150.06652179865674,153.43447875976562,65086600,0.0,0.0,149.46008911132813,65.29622573397131
153.474006688596,154.35303219098523,151.51842474171838,152.19003295898438,66675400,0.0,0.0,150.234423828125,62.80100185900809
152.11096835568964,153.12826669548713,150.40230440689967,151.0640411376953,53623900,0.0,0.0,151.3959167480469,60.546480899177475
150.38257867857462,151.2023463139684,148.9405893984983,149.73072814941406,55138700,0.0,0.0,151.51444396972656,57.89604001527065
150.69865397434668,155.39008534010813,150.2838344831146,154.8567352294922,78620700,0.0,0.0,152.2552032470703,64.35622161105738
155.04438777253165,155.69625340193952,152.50608443956176,155.4098358154297,81378700,0.0,0.0,152.65027465820313,64.98058901117972
159.25186541939422,161.61239536348967,157.53331474222918,160.50619506835938,101786900,0.0,0.0,154.31350708007812,70.16625822611077
159.02467411967544,161.57286345207257,158.90615859233105,159.5185089111328,67829400,0.0,0.0,156.00440063476563,68.06272713571255
158.12590427851663,160.40741857525958,157.66169837469153,158.03700256347656,59907000,0.0,0.0,157.66565551757813,64.91888380823454
158.8567922891014,164.53589311265165,158.767905632296,164.08157348632812,82507500,0.0,0.0,159.5106231689453,70.8375313457205
163.96303384637247,165.12849187490687,162.40251398446813,163.7655029296875,55474100,0.0,0.0,161.18175659179687,70.17086405692748
161.42149166877877,164.03256097795924,161.2137862854175,163.5380401611328,56697000,0.23,0.0,161.78812561035156,69.66275453430683
164.54684054761634,165.97106281766781,162.40062215984423,163.0632781982422,60276900,0.0,0.0,162.49707946777343,68.54707436757701
162.2226005680286,164.00287839073542,161.4610343427308,163.11273193359375,63135500,0.0,0.0,163.51222534179686,68.60348077494787
165.8425040331111,167.48431686739875,165.0710527189911,167.3854217529297,70170500,0.0,0.0,164.1729949951172,73.09317527004079
168.19641850512946,169.11623507587936,166.34691547179767,166.6436309814453,57149200,0.0,0.0,164.74862060546874,71.18982825163638
167.9590368523898,170.28327535120607,167.5436261366627,170.21405029296875,68039400,0.0,0.0,166.08382263183594,74.61610118564931
169.64043173604264,171.4899348326031,169.47229646286243,171.29212951660156,54091700,0.0,0.0,167.7295928955078,75.56118932375958
170.88658972184714,171.8064061674763,169.77886806752667,171.13385009765625,56377100,0.0,0.0,169.3338165283203,75.11898584524003
170.87671426468313,174.21966446969105,170.67890897132506,172.63720703125,79542000,0.0,0.0,170.38417358398436,76.52427203660636
171.84596657137845,172.9833582991053,171.2228655755131,172.2415771484375,62290100,0.0,0.0,171.5037628173828,75.31865077587675
171.13385868884617,171.8360848316901,169.43270601055306,169.64041137695312,70346300,0.0,0.0,171.3890350341797,67.75993056748578
167.83045146667126,167.9985867075936,165.3083926696854,165.7336883544922,69026800,0.0,0.0,170.2773468017578,58.29708312691529
165.24906496438413,166.86120752974338,164.82376924774377,165.3974151611328,54147100,0.0,0.0,169.13005981445312,57.552052692670074
165.4864472891113,166.26778351061316,164.42816553613974,165.6941375732422,53841500,0.0,0.0,167.74144592285157,58.061365109719745
166.93044600271955,168.27554323042378,166.50516534348736,168.166748046875,51218200,0.0,0.0,166.92648010253907,62.138163914217465
168.7008317343048,169.1755674732254,161.76764050990238,161.8269805908203,78961000,0.0,0.0,165.3637939453125,48.98881545542587
159.38405130910755,161.11487414717794,158.06863923276225,159.61154174804688,73314000,0.0,0.0,164.13936462402344,45.375249660849406
160.35332488669502,160.77860554519057,155.99164766049083,157.16860961914062,77906200,0.0,0.0,162.493603515625,41.72075365080289
158.55325090337246,158.82029635161928,155.4179909526616,155.4971160888672,87991100,0.0,0.0,160.45419921875,39.3835258643835
154.92347699747685,156.6839698538,152.9750638208309,156.22901916503906,74229900,0.0,0.0,158.0666534423828,40.94361464446901
157.99941155092603,158.60272759149726,153.27179343297266,154.1025848388672,76957800,0.0,0.0,156.5217742919922,37.89226292984775
154.75533670122687,155.36853764942737,152.0058023255464,152.8365936279297,73714800,0.0,0.0,155.16678466796876,36.164242544534154
153.12340884624632,154.9531265253422,151.92666201774256,154.25091552734375,87449600,0.0,0.0,154.58324584960937,39.484466976933575
152.94538473705316,154.64653741092113,151.00685665814208,152.76736450195312,84923800,0.0,0.0,154.03729553222655,37.29331109725819
153.76630422475984,156.09055810400343,153.05419304012256,155.64547729492188,68028800,0.0,0.0,153.92058715820312,43.80823938808293
157.84113741300885,162.45995964258233,157.55432200367437,161.63905334472656,104956000,0.0,0.0,155.427880859375,54.42685033237294
158.14776522197454,158.78075132003437,151.68932398828335,152.1541748046875,122656600,0.0,0.0,155.29139709472656,41.16847553978031
153.09372642334466,155.37842495450292,151.92666470280005,153.6080322265625,87965400,0.0,0.0,155.1628204345703,43.44273603822923
152.95528536448964,153.53883140846105,149.72113003009167,150.7002716064453,90481100,0.0,0.0,154.74940185546876,40.10359383013826
149.55297429864635,149.69143950724555,146.74408492315806,149.04855346679688,162278800,0.0,0.0,153.43001708984374,38.302616844636304
147.67378195873943,152.866249763711,147.4660916978228,152.78712463378906,81474200,0.0,0.0,151.65963134765624,44.390019254893566
151.71894290993043,156.3476644542236,151.4024575133318,155.1805877685547,107689800,0.0,0.0,152.2649139404297,47.93196748320185
155.61578684622205,157.0004540088037,151.91678127443095,152.03546142578125,101696800,0.0,0.0,151.95039978027344,43.96890306167361
150.71018277890735,152.7772763607259,149.2562902368526,151.0662384033203,86652500,0.0,0.0,152.02359313964843,42.79463957231697
149.53319061721277,149.8101210369567,146.93200657650073,148.78150939941406,96029900,0.0,0.0,151.97018432617188,40.07747504648094
148.0199762802374,152.08493804670582,148.00019122168655,149.11781311035156,93339400,0.0,0.0,151.23632202148437,40.67457776554289
151.06622602201801,153.02452424999885,148.30679138608437,150.09695434570312,84442700,0.0,0.0,150.21959533691407,42.471945718725365
146.02209438820753,148.98921904938075,143.25277501946394,148.19798278808594,146691400,0.0,0.0,149.452099609375,39.94434066123092
144.49898091970792,145.1121818701946,139.138362273848,140.91864013671875,128138200,0.0,0.0,147.42257995605468,32.06635711387149
139.7317968312238,141.5318597973649,136.4877415721963,136.685546875,124925300,0.0,0.0,145.00338745117188,28.54117167391773
136.69542059266408,141.50216247270737,136.18111483127888,140.88894653320312,114311700,0.0,0.0,143.35761413574218,36.05817746481611
143.4407110971477,144.61767309011034,142.67914479142277,144.49899291992188,87830100,0.0,0.0,142.23802185058594,41.727717239257565
142.49123115731547,145.7649564524793,141.44283437996611,144.79568481445312,79471000,0.0,0.0,141.55756225585938,42.18145770922903
144.21212902624032,145.9231664808185,143.62859820236318,143.83628845214844,68402200,0.0,0.0,142.1410919189453,41.06786924174971
140.9779890939107,141.5318650906842,137.9218540402987,138.55484008789062,85925600,0.0,0.0,142.51495056152345,35.51016441043768
138.8812255859375,140.33511800728937,137.05150760282467,138.8812255859375,74899000,0.0,0.0,142.1134063720703,36.08580725997345
138.3669018560768,139.8010241255092,136.7053193555032,137.4569854736328,77033700,0.0,0.0,140.7050048828125,34.633061003565146
137.6053564068586,138.82187329413597,136.64598489097048,136.82400512695312,70433700,0.0,0.0,139.1106689453125,33.978353429138934
133.51073230897765,142.0164810963432,132.89751624877098,141.42306518554688,113224000,0.0,0.0,138.62802429199218,42.485729676432115
142.72858017092187,142.9362855316295,136.67565086244147,136.8635711669922,88598000,0.0,0.0,138.2897705078125,37.34760853232574
139.52411406855006,141.3340470237947,138.73287772309422,140.84942626953125,85250900,0.0,0.0,138.68341064453125,43.75173538754161
143.89568163456477,145.09241363419787,139.06915333379223,142.17474365234375,99136600,0.0,0.0,139.62696228027343,45.737841330363786
140.1373051229972,143.3615752693167,139.94938480648457,142.2835235595703,61758300,0.0,0.0,140.71886596679687,45.906671656884924
141.45270879413658,144.2912528538803,141.0867532047065,141.8186492919922,64522000,0.0,0.0,140.79798278808593,45.25859560517001
141.30436641835908,146.22980437754964,141.0867760623349,145.65615844726562,86548600,0.0,0.0,142.55650024414064,51.36265345895726
145.57704242902807,148.58372239545778,144.4000804545067,147.81227111816406,75981900,0.0,0.0,143.94906921386718,54.43679382390399
148.4452346350943,150.81894328239738,147.72323856806,150.6705780029297,74732300,0.0,0.0,145.6482360839844,58.20791068127083
149.3057211694597,150.32443277324273,146.41770652145598,147.71336364746094,88194300,0.0,0.0,146.7342041015625,53.29332237615499
146.44739656742047,147.41665310720737,142.5505702591067,143.21322631835938,109180200,0.0,0.0,147.01311950683595,46.815586379975976
146.57595852099405,155.7740481946102,146.20013298444752,154.03334045410156,164762400,0.0,0.0,148.6885559082031,59.54734145452763
151.48160196375161,152.5497686102664,150.2551850529585,151.6596221923828,97943200,0.0,0.0,149.45802612304686,56.359803375074904
153.3805772430921,153.74651781557912,147.4957825839443,148.99911499023438,80379300,0.0,0.0,149.1237335205078,52.93929165920691
147.31771432658218,150.50242885952457,143.4110037932868,143.440673828125,93604600,0.0,0.0,148.26919555664062,46.57889691998203
140.50325370841986,141.23514995886694,137.22952827732144,137.3581085205078,97918500,0.0,0.0,147.09817199707032,40.80186916974032
140.7660291597736,141.34062664564317,133.12787791789256,137.09060668945312,140814800,0.23,0.0,143.70962524414062,40.563595333138224
135.8324322748461,137.8534172405398,134.40584753830456,137.6255645751953,83374600,0.0,0.0,140.90281372070314,41.30183661940581
139.10168921117634,140.11217415582482,136.2088990452329,138.20016479492188,89908500,0.0,0.0,138.74302368164064,42.133228783107064
137.20947754456466,137.25901467530346,133.33590671658374,133.61329650878906,74917800,0.0,0.0,136.77754821777344,37.55981943822874
139.92397931825136,145.5015106201172,138.20018660251887,145.5015106201172,118854000,0.0,0.0,138.4062286376953,52.07859285473433
144.46129314891186,148.61223908414578,143.0247917911544,148.3051300048828,93979700,0.0,0.0,140.64913330078124,54.750763287192605
147.58194969949304,148.8797411488763,146.05629042748478,146.89837646484375,73374100,0.0,0.0,142.50369567871093,53.14930429521722
150.80166307906364,152.15889301222154,147.1757621810515,148.6419677734375,89868300,0.0,0.0,144.59205627441406,54.90973835231782
147.74043840066372,148.4735335395305,145.91757170010015,147.40359497070312,64218300,0.0,0.0,147.35011596679686,53.375691495172276
145.06557796292594,150.0685257745798,144.78818817408978,149.31561279296875,80389400,0.0,0.0,148.1129364013672,55.445390116570664
150.89081018022702,151.27717565076162,148.57261735701957,149.88031005859375,74829600,0.0,0.0,148.42797241210937,56.065697393126335
148.76085054493495,148.96888535249187,146.3435834321019,146.63087463378906,58724100,0.0,0.0,148.37447204589844,51.61274457492994
146.74976836265094,149.0184240921763,145.5609375545138,148.78065490722656,51804100,0.0,0.0,148.40220947265624,54.20422043221954
148.05745331434238,150.4152818123045,147.9484776665388,149.66236877441406,58301400,0.0,0.0,148.85396423339844,55.262513709957354
146.92809865899707,147.49279486119394,145.7491842298042,146.72996520996094,35195900,0.0,0.0,148.3368347167969,51.03819533938331
143.78763136502698,145.27365484549094,142.04403592326312,142.87620544433594,69246000,0.0,0.0,146.9360137939453,46.05561639683465
142.9455536992715,143.46071276858763,139.04227782711595,139.85462951660156,83763800,0.0,0.0,145.5807647705078,42.54830221852222
140.08246748729826,147.334268988452,139.24039662442343,146.65069580078125,111380900,0.0,0.0,145.15477294921874,51.495427706633286
146.82904141842687,147.74046738923693,145.24394357212302,146.9281005859375,71250400,0.0,0.0,144.60791931152343,51.82522069705377
144.60000125431688,146.62098658019366,144.29287703041706,146.43275451660156,65447400,0.0,0.0,144.54847717285156,51.15635672330018
146.39312536826404,149.513768516836,144.41176079987244,145.2637481689453,68826400,0.0,0.0,145.02598571777344,49.53165980210575
145.699657023478,145.92750972593578,140.59763397171506,141.5784149169922,64727200,0.0,0.0,145.37074279785156,44.7107472039147
140.8651229321259,142.03412082564117,138.69552621060203,139.62677001953125,69721100,0.0,0.0,143.96595764160156,42.35946087535186
141.03352484062856,142.18271987149333,139.78527065534456,141.32081604003906,62128300,0.0,0.0,142.84450073242186,45.06024217969057
141.01371900553218,144.213633810431,139.58713403388646,140.8354034423828,76097000,0.0,0.0,141.72503051757812,44.41801154264606
141.37034715156412,143.1535781378491,139.7456289455291,143.1436767578125,70462700,0.0,0.0,141.30101623535157,48.19892828419028
148.10702733994844,148.5726493041256,142.89604305746062,144.1145782470703,93886200,0.0,0.0,141.8082489013672,49.74736857065919
143.9956697421396,145.29346105888666,139.8447087346677,141.8756103515625,82291200,0.0,0.0,142.25801696777344,46.30954478966317
139.7951801698706,140.47875337656623,134.76251226423767,135.22813415527344,98931900,0.0,0.0,141.03948059082032,37.928901262969895
135.41634781658013,136.36739423153304,132.48392195115318,133.25665283203125,160156900,0.0,0.0,139.52373046875,35.85640317595566
133.85108689745988,133.9402446769657,130.09640761101713,131.13661193847656,79592600,0.0,0.0,137.1223175048828,33.72247604348223
130.16573629391237,132.0084058279577,128.6797129637665,131.0672607421875,77432800,0.0,0.0,134.51285400390626,33.65192277324388
131.74091056247187,135.5352250826263,131.5130578963193,134.18789672851562,85928000,0.0,0.0,132.97531127929688,39.7593867871936
133.0981816963959,133.30621652760493,129.085915097476,130.9979248046875,77852100,0.0,0.0,132.1292694091797,36.101071750313594
129.7001191754973,131.18614255988652,128.4320470968141,130.63136291503906,63814900,0.0,0.0,131.60421142578124,35.694638208073684
130.15583216691817,130.18555142356502,127.5206138890858,128.8184051513672,69007800,0.0,0.0,131.14057006835938,33.67531352406277
128.46175899020446,129.80908738613678,124.69717116723324,124.86558532714844,85438400,0.0,0.0,129.90023498535157,29.72662570226882
126.79742050692167,129.26421722122254,126.53984856096497,128.40232849121094,75703700,0.0,0.0,128.7431213378906,36.860470859411336
127.21350378746808,128.7391477104574,126.24263191453323,128.71932983398438,77034200,0.0,0.0,128.28740234375,37.473161999783976
